{
  "metadata": {
    "experiment": "l1_ptp_multimodel_baseline",
    "timestamp": "2026-02-02T23:34:58.201158",
    "num_problems_per_experiment": 1,
    "total_experiments": 18
  },
  "results": [
    {
      "model": "qwen-72b",
      "model_display": "Qwen-2.5 72B",
      "complexity_level": 0,
      "num_shots": 0,
      "accuracy": 1.0,
      "correct": 1,
      "total": 1,
      "avg_time": 19.828954219818115,
      "total_time": 19.828954219818115,
      "avg_cost": 0.0005702400000000001,
      "total_cost": 0.0005702400000000001,
      "total_input_tokens": 492,
      "total_output_tokens": 156,
      "results": [
        {
          "problem_id": 0,
          "predicted": 1245,
          "expected": 1245,
          "correct": true,
          "time": 19.828954219818115,
          "cost": 0.0005702400000000001
        }
      ]
    },
    {
      "model": "qwen-72b",
      "model_display": "Qwen-2.5 72B",
      "complexity_level": 0,
      "num_shots": 1,
      "accuracy": 1.0,
      "correct": 1,
      "total": 1,
      "avg_time": 2.739370346069336,
      "total_time": 2.739370346069336,
      "avg_cost": 0.00065912,
      "total_cost": 0.00065912,
      "total_input_tokens": 630,
      "total_output_tokens": 119,
      "results": [
        {
          "problem_id": 0,
          "predicted": 1245,
          "expected": 1245,
          "correct": true,
          "time": 2.739370346069336,
          "cost": 0.00065912
        }
      ]
    },
    {
      "model": "qwen-72b",
      "model_display": "Qwen-2.5 72B",
      "complexity_level": 1,
      "num_shots": 0,
      "accuracy": 1.0,
      "correct": 1,
      "total": 1,
      "avg_time": 4.036728143692017,
      "total_time": 4.036728143692017,
      "avg_cost": 0.0006644,
      "total_cost": 0.0006644,
      "total_input_tokens": 524,
      "total_output_tokens": 231,
      "results": [
        {
          "problem_id": 0,
          "predicted": 2595,
          "expected": 2595,
          "correct": true,
          "time": 4.036728143692017,
          "cost": 0.0006644
        }
      ]
    },
    {
      "model": "qwen-72b",
      "model_display": "Qwen-2.5 72B",
      "complexity_level": 1,
      "num_shots": 1,
      "accuracy": 1.0,
      "correct": 1,
      "total": 1,
      "avg_time": 3.1308114528656006,
      "total_time": 3.1308114528656006,
      "avg_cost": 0.0007330400000000001,
      "total_cost": 0.0007330400000000001,
      "total_input_tokens": 662,
      "total_output_tokens": 171,
      "results": [
        {
          "problem_id": 0,
          "predicted": 2595,
          "expected": 2595,
          "correct": true,
          "time": 3.1308114528656006,
          "cost": 0.0007330400000000001
        }
      ]
    },
    {
      "model": "qwen-72b",
      "model_display": "Qwen-2.5 72B",
      "complexity_level": 2,
      "num_shots": 0,
      "accuracy": 1.0,
      "correct": 1,
      "total": 1,
      "avg_time": 3.5378921031951904,
      "total_time": 3.5378921031951904,
      "avg_cost": 0.00069256,
      "total_cost": 0.00069256,
      "total_input_tokens": 557,
      "total_output_tokens": 230,
      "results": [
        {
          "problem_id": 0,
          "predicted": 3445,
          "expected": 3445,
          "correct": true,
          "time": 3.5378921031951904,
          "cost": 0.00069256
        }
      ]
    },
    {
      "model": "qwen-72b",
      "model_display": "Qwen-2.5 72B",
      "complexity_level": 2,
      "num_shots": 1,
      "accuracy": 1.0,
      "correct": 1,
      "total": 1,
      "avg_time": 4.044472694396973,
      "total_time": 4.044472694396973,
      "avg_cost": 0.0008104799999999999,
      "total_cost": 0.0008104799999999999,
      "total_input_tokens": 696,
      "total_output_tokens": 225,
      "results": [
        {
          "problem_id": 0,
          "predicted": 3445,
          "expected": 3445,
          "correct": true,
          "time": 4.044472694396973,
          "cost": 0.0008104799999999999
        }
      ]
    },
    {
      "model": "llama-70b",
      "model_display": "Llama-3.1 70B",
      "complexity_level": 0,
      "num_shots": 0,
      "accuracy": 1.0,
      "correct": 1,
      "total": 1,
      "avg_time": 1.5348403453826904,
      "total_time": 1.5348403453826904,
      "avg_cost": 0.0005702400000000001,
      "total_cost": 0.0005702400000000001,
      "total_input_tokens": 492,
      "total_output_tokens": 156,
      "results": [
        {
          "problem_id": 0,
          "predicted": 1245,
          "expected": 1245,
          "correct": true,
          "time": 1.5348403453826904,
          "cost": 0.0005702400000000001
        }
      ]
    },
    {
      "model": "llama-70b",
      "model_display": "Llama-3.1 70B",
      "complexity_level": 0,
      "num_shots": 1,
      "accuracy": 1.0,
      "correct": 1,
      "total": 1,
      "avg_time": 1.7357821464538574,
      "total_time": 1.7357821464538574,
      "avg_cost": 0.00065912,
      "total_cost": 0.00065912,
      "total_input_tokens": 630,
      "total_output_tokens": 119,
      "results": [
        {
          "problem_id": 0,
          "predicted": 1245,
          "expected": 1245,
          "correct": true,
          "time": 1.7357821464538574,
          "cost": 0.00065912
        }
      ]
    },
    {
      "model": "llama-70b",
      "model_display": "Llama-3.1 70B",
      "complexity_level": 1,
      "num_shots": 0,
      "accuracy": 1.0,
      "correct": 1,
      "total": 1,
      "avg_time": 1.5361919403076172,
      "total_time": 1.5361919403076172,
      "avg_cost": 0.0006644,
      "total_cost": 0.0006644,
      "total_input_tokens": 524,
      "total_output_tokens": 231,
      "results": [
        {
          "problem_id": 0,
          "predicted": 2595,
          "expected": 2595,
          "correct": true,
          "time": 1.5361919403076172,
          "cost": 0.0006644
        }
      ]
    },
    {
      "model": "llama-70b",
      "model_display": "Llama-3.1 70B",
      "complexity_level": 1,
      "num_shots": 1,
      "accuracy": 1.0,
      "correct": 1,
      "total": 1,
      "avg_time": 2.535320997238159,
      "total_time": 2.535320997238159,
      "avg_cost": 0.0007330400000000001,
      "total_cost": 0.0007330400000000001,
      "total_input_tokens": 662,
      "total_output_tokens": 171,
      "results": [
        {
          "problem_id": 0,
          "predicted": 2595,
          "expected": 2595,
          "correct": true,
          "time": 2.535320997238159,
          "cost": 0.0007330400000000001
        }
      ]
    },
    {
      "model": "llama-70b",
      "model_display": "Llama-3.1 70B",
      "complexity_level": 2,
      "num_shots": 0,
      "accuracy": 1.0,
      "correct": 1,
      "total": 1,
      "avg_time": 2.7214930057525635,
      "total_time": 2.7214930057525635,
      "avg_cost": 0.00076032,
      "total_cost": 0.00076032,
      "total_input_tokens": 557,
      "total_output_tokens": 307,
      "results": [
        {
          "problem_id": 0,
          "predicted": 3445,
          "expected": 3445,
          "correct": true,
          "time": 2.7214930057525635,
          "cost": 0.00076032
        }
      ]
    },
    {
      "model": "llama-70b",
      "model_display": "Llama-3.1 70B",
      "complexity_level": 2,
      "num_shots": 1,
      "accuracy": 1.0,
      "correct": 1,
      "total": 1,
      "avg_time": 2.463129758834839,
      "total_time": 2.463129758834839,
      "avg_cost": 0.0008104799999999999,
      "total_cost": 0.0008104799999999999,
      "total_input_tokens": 696,
      "total_output_tokens": 225,
      "results": [
        {
          "problem_id": 0,